Grid Points: ,155, Sl= ,0.41206987448202381
x_axis,u,Temperature,rho,Pressure,N2,O2,H2O,CH4,CO2,w_N2,w_O2,w_H2O,w_CH4,w_CO2,FwRate_1,RvRate_1,NetRate_1,Heat_release
0.0,0.41206987448202381,300.0,1.122517384296814,101325.0,0.72466500247475651,0.22014867296230328,1.3821965217681061e-12,0.055186324559869757,1.6882943858344441e-12,28.013480000000001,31.998799999999999,18.015280000000001,16.042760000000001,44.009799999999998,3.1792680037641231e-07,0.0,3.1792680037641231e-07,0.25512248445267394
0.002166666666666667,0.41206987600671774,300.00000111002493,1.1225173801434063,101325.0,0.72466500247475651,0.22014867286693612,5.5073769946377017e-11,0.055186324535963359,6.727027279811397e-11,28.013480000000001,31.998799999999999,18.015280000000001,16.042760000000001,44.009799999999998,3.1792683786963819e-07,0.0,3.1792683786963819e-07,0.25512251453587925
0.003666666666666667,0.41206987708332177,300.00000189382558,1.1225173772106405,101325.0,0.7246650024747564,0.22014867279951517,9.3031658513466706e-11,0.055186324519062434,1.1363422285216941e-10,28.013480000000001,31.998799999999999,18.015280000000001,16.042760000000001,44.009799999999998,3.1792686434383857e-07,0.0,3.1792686434383857e-07,0.2551225357778179
0.0051666666666666666,0.41206987874314288,300.00000310220747,1.1225173726892077,101325.0,0.72466500247475651,0.22014867269336794,1.5279241828460665e-10,0.055186324492453712,1.8662945482660318e-10,28.013480000000001,31.998799999999999,18.015280000000001,16.042760000000001,44.009799999999998,3.1792690515421991e-07,0.0,3.1792690515421991e-07,0.25512256852258797
0.0059166666666666673,0.41206988567337516,300.00000814742674,1.1225173538113877,101325.0,0.72466500247475651,0.22014867223522519,4.1072614958904008e-10,0.055186324377607621,5.0168456159946695e-10,28.013480000000001,31.998799999999999,18.015280000000001,16.042760000000001,44.009799999999998,3.1792707551280811e-07,0.0,3.1792707551280811e-07,0.25512270521213865
0.0066666666666666671,0.41206997869768019,300.00007586909209,1.1225171004156365,101325.0,0.72466500247475651,0.22014866606032318,3.8871874194450513e-09,0.055186322829698466,4.7480344710378507e-09,28.013480000000001,31.998799999999999,18.015280000000001,16.042760000000001,44.009799999999998,3.1792936217908612e-07,0.0,3.1792936217908612e-07,0.25512453995019457
0.0073333333333333341,0.41207110551782494,300.00089619419657,1.1225140309949466,101325.0,0.7246650024747564,0.22014859123984162,4.6011014780315767e-08,0.055186304073885271,5.6200501970102981e-08,28.013480000000001,31.998799999999999,18.015280000000001,16.042760000000001,44.009799999999998,3.1795706216474214e-07,0.0,3.1795706216474214e-07,0.25514676541353065
0.0080000000000000002,0.4120856946162722,300.0115170656365,1.1224742922631499,101325.0,0.72466500247475518,0.22014762252216868,5.9139772120949291e-07,0.055186061238135888,7.2236721912448827e-07,28.013480000000001,31.998799999999999,18.015280000000001,16.042760000000001,44.009799999999998,3.1831590187238609e-07,0.0,3.1831590187238609e-07,0.255434685351973
0.0083333333333333332,0.41215836989175442,300.06442474178004,1.1222763764109616,101325.0,0.72466500247474908,0.22014279725194691,3.3080181642258712e-06,0.055184851651335728,4.0406038041845589e-06,28.013480000000001,31.998799999999999,18.015280000000001,16.042760000000001,44.009799999999998,3.201091065369442e-07,0.0,3.201091065369442e-07,0.25687348699396578
0.0085000000000000006,0.41235750768763868,300.20939736296987,1.1217344235293525,101325.0,0.72466500247473231,0.22012957824534551,1.0750300548050974e-05,0.055181537943468417,1.3131035905526009e-05,28.013480000000001,31.998799999999999,18.015280000000001,16.042760000000001,44.009799999999998,3.2507121915722923e-07,0.0,3.2507121915722923e-07,0.26085489893894032
0.0086666666666666663,0.41315069739427535,300.78684114168522,1.1195809431384658,101325.0,0.7246650024746677,0.22007696900231383,4.036923141339228e-05,0.055168349988595489,4.9309303009565435e-05,28.013480000000001,31.998799999999999,18.015280000000001,16.042760000000001,44.009799999999998,3.4555887821226284e-07,0.0,3.4555887821226284e-07,0.27729334481593537
0.0087499999999999991,0.41443235105958226,301.7198886718424,1.1161187178327339,101325.0,0.72466500247456767,0.21999205714115289,8.8174491483876952e-05,0.055147064493336867,0.00010770139945865988,28.013480000000001,31.998799999999999,18.015280000000001,16.042760000000001,44.009799999999998,3.8123337018813685e-07,0.0,3.8123337018813685e-07,0.30591678764394248
0.0087916666666666664,0.41578546939953981,302.70496379745254,1.1124865977235419,101325.0,0.72466500247447052,0.21990247590367756,0.00013860860393875938,0.055124608490379229,0.00016930452753385349,28.013480000000001,31.998799999999999,18.015280000000001,16.042760000000001,44.009799999999998,4.2261531598896058e-07,0.0,4.2261531598896058e-07,0.3391191883480259
0.0088333333333333319,0.41813516555670649,304.41555350016154,1.1062352478940727,101325.0,0.72466500247430821,0.21974716847943018,0.00022604646838471739,0.055085676409550685,0.00027610616832617367,28.013480000000001,31.998799999999999,18.015280000000001,16.042760000000001,44.009799999999998,5.0460709153637059e-07,0.0,5.0460709153637059e-07,0.40490330726662593
0.0088541666666666664,0.41995491716298322,305.74034303140417,1.1014418704124926,101325.0,0.72466500247420096,0.219626896430827,0.00029375946492538692,0.055055526910004045,0.00035881472004267105,28.013480000000001,31.998799999999999,18.015280000000001,16.042760000000001,44.009799999999998,5.7807397144372228e-07,0.0,5.7807397144372228e-07,0.46384650947919071
0.0088749999999999992,0.42243524318653597,307.54603703727156,1.094974978488379,101325.0,0.72466500247406229,0.21946313289652947,0.00038595810758306777,0.055014475072439291,0.00047143144938596357,28.013480000000001,31.998799999999999,18.015280000000001,16.042760000000001,44.009799999999998,6.9438182249263404e-07,0.0,6.9438182249263404e-07,0.55715950280573201
0.008895833333333332,0.42580734506818563,310.00095414659677,1.0863038025677543,101325.0,0.72466500247388366,0.2192407932023287,0.00051113504701137788,0.054958739508051975,0.00062432976872413813,28.013480000000001,31.998799999999999,18.015280000000001,16.042760000000001,44.009799999999998,8.877815024576947e-07,0.0,8.877815024576947e-07,0.71231833416616985
0.0089166666666666665,0.43037628211073425,313.32718402561596,1.074771779972842,101325.0,0.72466500247365506,0.21894008139769117,0.00068043537589885497,0.05488335781694656,0.00083112293580841384,28.013480000000001,31.998799999999999,18.015280000000001,16.042760000000001,44.009799999999998,1.2306629218991058e-06,0.0,1.2306629218991058e-06,0.98739129107403667
0.0089374999999999993,0.43653898966592108,317.81370605160606,1.0595994095812213,101325.0,0.72466500247336307,0.21853542044140919,0.00090825893296316745,0.05478191840972256,0.0011093997425419078,28.013480000000001,31.998799999999999,18.015280000000001,16.042760000000001,44.009799999999998,1.8906089464287363e-06,0.0,1.8906089464287363e-06,1.5167981463863529
0.0089479166666666665,0.44041374904753017,320.63458241279886,1.0502772743819433,101325.0,0.72466500247323362,0.21828048185168775,0.0010517890053096807,0.054718011034886924,0.0012847156348820151,28.013480000000001,31.998799999999999,18.015280000000001,16.042760000000001,44.009799999999998,2.460827787075634e-06,0.0,2.460827787075634e-06,1.9742045622729554
0.008958333333333332,0.44494248745115739,323.93157066116004,1.0395875110344421,101325.0,0.72466500247309373,0.21798270430989855,0.0012194373482351012,0.054643364897553073,0.001489490971219588,28.013480000000001,31.998799999999999,18.015280000000001,16.042760000000001,44.009799999999998,3.3287040316243907e-06,0.0,3.3287040316243907e-06,2.6703513471849982
0.0089687499999999993,0.45022315481324948,327.77598243388957,1.0273944197758316,101325.0,0.72466500247294297,0.21763572570108461,0.0014147858236326384,0.054556385158487132,0.0017281008438525859,28.013480000000001,31.998799999999999,18.015280000000001,16.042760000000001,44.009799999999998,4.6969040735831539e-06,0.0,4.6969040735831539e-06,3.7677691388767038
0.0089791666666666665,0.45636417735042062,332.24675697252871,1.0135696081962664,101325.0,0.72466500247278121,0.21723251452566872,0.0016417931560079753,0.054455309178775065,0.0020053806667670684,28.013480000000001,31.998799999999999,18.015280000000001,16.042760000000001,44.009799999999998,6.9377263702602681e-06,0.0,6.9377263702602681e-06,5.5650080686064287
0.0089895833333333321,0.46348424086608953,337.43030344001232,0.9979993256563012,101325.0,0.72466500247260757,0.21676538371420617,0.0019047871547926472,0.054338209982870624,0.0023266166755230508,28.013480000000001,31.998799999999999,18.015280000000001,16.042760000000001,44.009799999999998,1.0760292639209149e-05,0.0,1.0760292639209149e-05,8.6306794737355563
0.0089999999999999993,0.47171161020465729,343.42000549940309,0.9805928888721268,101325.0,0.72466500247242138,0.21622603161198634,0.0022084416400702037,0.054203006532513975,0.002697517743008227,28.013480000000001,31.998799999999999,18.015280000000001,16.042760000000001,44.009799999999998,1.7565701410534792e-05,0.0,1.7565701410534792e-05,14.088166179332637
0.0090052083333333338,0.47629553263313135,346.75720643630314,0.9711556358122924,101325.0,0.72466500247240395,0.21592426768358311,0.0023783343130589899,0.054127361097678794,0.0029050344332751726,28.013480000000001,31.998799999999999,18.015280000000001,16.042760000000001,44.009799999999998,2.2905857230545735e-05,0.0,2.2905857230545735e-05,18.370364958881762
0.0090104166666666666,0.48122215715232464,350.34390736469754,0.9612132770403536,101325.0,0.72466500247239241,0.21559986504791195,0.0025609725468240074,0.054046040647728631,0.00312811928514295,28.013480000000001,31.998799999999999,18.015280000000001,16.042760000000001,44.009799999999998,3.0290761346903609e-05,0.0,3.0290761346903609e-05,24.2919521980334
0.0090156249999999993,0.48651105864640765,354.19435998631224,0.950763911944158,101325.0,0.72466500247238697,0.21525150730442913,0.0027570974730446751,0.053958715190632806,0.0033676775595063392,28.013480000000001,31.998799999999999,18.015280000000001,16.042760000000001,44.009799999999998,4.0622209734349041e-05,0.0,4.0622209734349041e-05,32.575826128092551
0.0090208333333333321,0.49218209361162574,358.32302104885076,0.9398090424205074,101325.0,0.72466500247238796,0.21487785264598336,0.0029674645272851942,0.053865048365495112,0.0036246319888483605,28.013480000000001,31.998799999999999,18.015280000000001,16.042760000000001,44.009799999999998,5.5242165719270606e-05,0.0,5.5242165719270606e-05,44.297669202471525
0.0090260416666666649,0.49825529192445173,362.74447353912007,0.9283538133705751,101325.0,0.72466500247239529,0.21447753970315547,0.0031928401586395184,0.053764698907598454,0.0038999187582112469,28.013480000000001,31.998799999999999,18.015280000000001,16.042760000000001,44.009799999999998,7.616400746385119e-05,0.0,7.616400746385119e-05,61.071252012941784
0.0090312499999999993,0.50475073808760251,367.47334021371358,0.916407201385806,101325.0,0.72466500247240939,0.21404919393178853,0.0034339982335606762,0.053657322249615017,0.0041944831126265684,28.013480000000001,31.998799999999999,18.015280000000001,16.042760000000001,44.009799999999998,0.00010643164822233936,0.0,0.00010643164822233936,85.33618293815428
0.0090364583333333338,0.51168844323337925,372.5241903989351,0.9039821412094414,101325.0,0.7246650024724296,0.21359143446308781,0.00369171617926408,0.053542572238772422,0.0045092746464460336,28.013480000000001,31.998799999999999,18.015280000000001,16.042760000000001,44.009799999999998,0.00015067946592646879,0.0,0.00015067946592646879,120.8065231820509
0.0090416666666666666,0.51908820953857393,377.9114412646249,0.8910955809176894,101325.0,0.72466500247245635,0.21310288131687202,0.0039667709226771358,0.053420102945053678,0.0048452423429407847,28.013480000000001,31.998799999999999,18.015280000000001,16.042760000000001,44.009799999999998,0.0002160080288759203,0.0,0.0002160080288759203,173.17235869331185
0.0090468749999999994,0.52696948905939944,383.649255034563,0.8777684587418343,101325.0,0.72466500247248933,0.2125821628619069,0.0042599346902815341,0.053289570531335193,0.0052033294439869995,28.013480000000001,31.998799999999999,18.015280000000001,16.042760000000001,44.009799999999998,0.00031335661041083211,0.0,0.00031335661041083211,251.19926916695678
0.0090520833333333321,0.53535123930959516,389.75143382534196,0.8640255969912582,101325.0,0.72466500247252807,0.21202792339377649,0.0045719707417825771,0.053150635152988707,0.005584468238924019,28.013480000000001,31.998799999999999,18.015280000000001,16.042760000000001,44.009799999999998,0.00045965655397455093,0.0,0.00045965655397455093,368.45314800573033
0.0090572916666666649,0.54425177816112691,396.2313139922818,0.8498955115286473,101325.0,0.72466500247257248,0.21143883069136837,0.0049036291158182791,0.053002962852122373,0.0059895748681185615,28.013480000000001,31.998799999999999,18.015280000000001,16.042760000000001,44.009799999999998,0.00068120939103841606,0.0,0.00068120939103841606,546.0057757401247
0.0090624999999999994,0.55368864082739788,403.10166199243957,0.8354101385358537,101325.0,0.72466500247262156,0.21081358340853745,0.0052556424684628419,0.052846227410504737,0.0064195442398733175,28.013480000000001,31.998799999999999,18.015280000000001,16.042760000000001,44.009799999999998,0.0010189793770195572,0.0,0.0010189793770195572,816.67325132820599
0.0090677083333333339,0.56367844177944404,410.37457384072331,0.8206044836974675,101325.0,0.72466500247267529,0.21015091815834969,0.0056287220848074858,0.052680112125425387,0.0068752451587421898,28.013480000000001,31.998799999999999,18.015280000000001,16.042760000000001,44.009799999999998,0.0015368640517556332,0.0,0.0015368640517556332,1231.6386398595807
0.0090729166666666666,0.57423674443621342,418.06138022830203,0.805516202202729,101325.0,0.72466500247273247,0.20944961615368568,0.0060235541403096003,0.05250431147434511,0.0073575157589269389,28.013480000000001,31.998799999999999,18.015280000000001,16.042760000000001,44.009799999999998,0.0023345683761930259,0.0,0.0023345683761930259,1870.7598435617297
0.0090781249999999994,0.58537794135593779,426.17255928936703,0.7901851209065698,101325.0,0.72466500247279308,0.20870850927977327,0.0064407962819655199,0.052318532637143235,0.0078671593283248294,28.013480000000001,31.998799999999999,18.015280000000001,16.042760000000001,44.009799999999998,0.0035675402822410076,0.0,0.0035675402822410076,2858.5295790599857
0.0090833333333333321,0.59711514743791061,434.71765884371899,0.7746527163972238,101325.0,0.72466500247285603,0.20792648549092627,0.0068810745899539729,0.052122496848958859,0.0084049405973050141,28.013480000000001,31.998799999999999,18.015280000000001,16.042760000000001,44.009799999999998,0.0054776376296999897,0.0,0.0054776376296999897,4388.6240101890889
0.0090885416666666649,0.60946010832968001,443.70522971367427,0.7589615644296923,101325.0,0.72466500247292054,0.20710249344463258,0.0073449809686507985,0.051915940561852517,0.0089715825519437568,28.013480000000001,31.998799999999999,18.015280000000001,16.042760000000001,44.009799999999998,0.0084399283527763595,0.0,0.0084399283527763595,6761.3617524198135
0.0090937499999999994,0.6224231258358528,453.14277142324994,0.743154777094709,101325.0,0.72466500247298571,0.20623554631016378,0.0078330710023873026,0.051698616399539002,0.0095677638149242392,28.013480000000001,31.998799999999999,18.015280000000001,16.042760000000001,44.009799999999998,0.013033446156393711,0.0,0.013033446156393711,10440.330820657096
0.0090989583333333339,0.63601300165821573,463.03669124776036,0.7272754441589849,101325.0,0.72466500247305121,0.2053247247149223,0.0083458622966606239,0.051470293895970486,0.010194116619395437,28.013480000000001,31.998799999999999,18.015280000000001,16.042760000000001,44.009799999999998,0.020147024241925233,0.0,0.020147024241925233,16137.08006967232
0.0091041666666666667,0.65023700028253995,473.39227720726615,0.7113660942586041,101325.0,0.72466500247311616,0.20436917881862854,0.0088838333103693646,0.051230760015288514,0.010851225382597479,28.013480000000001,31.998799999999999,18.015280000000001,16.042760000000001,44.009799999999998,0.031135702967307607,0.0,0.031135702967307607,24936.268618120284
0.0091093749999999994,0.66510083128634856,484.21368520318913,0.6954681901396602,101325.0,0.72466500247317989,0.20336812953206138,0.0094474226696643696,0.050979819457334874,0.011539625867759506,28.013480000000001,31.998799999999999,18.015280000000001,16.042760000000001,44.009799999999998,0.048048817570960627,0.0,0.048048817570960627,38478.152350950899
0.0091145833333333322,0.68060865079563493,495.50394009946689,0.6796216700547629,101325.0,0.72466500247324195,0.20232086892243392,0.010037028939722638,0.050717294759270275,0.012259804905331188,28.013480000000001,31.998799999999999,18.015280000000001,16.042760000000001,44.009799999999998,0.073957801447614574,0.0,0.073957801447614574,59220.826834620158
0.0091197916666666649,0.69676308128680031,507.26495016235759,0.6638645449115484,101325.0,0.72466500247330179,0.20122675987085994,0.010653010817593444,0.050443026209708801,0.013012200628536074,28.013480000000001,31.998799999999999,18.015280000000001,16.042760000000001,44.009799999999998,0.11341992137777548,0.0,0.11341992137777548,90811.187298326186
0.0091249999999999994,0.71356524843004221,519.49753390882836,0.6482325580167454,101325.0,0.72466500247335897,0.20008523506826778,0.011295687697497104,0.050156871597016116,0.013797203163860043,28.013480000000001,31.998799999999999,18.015280000000001,16.042760000000001,44.009799999999998,0.17312329374155888,0.0,0.17312329374155888,138600.87003524843
0.0091302083333333339,0.73101483321618232,532.20145808268103,0.6327589114511443,101325.0,0.72466500247341326,0.19889579545431832,0.011965340549712237,0.049858705817981318,0.014615155704574804,28.013480000000001,31.998799999999999,18.015280000000001,16.042760000000001,44.009799999999998,0.26276799753638214,0.0,0.26276799753638214,210351.01375948836
0.0091354166666666667,0.74911013721096364,545.37548518781955,0.6174740604138698,101325.0,0.72466500247346455,0.19765800821937546,0.012662213045463619,0.049548420376955789,0.015466355884740664,28.013480000000001,31.998799999999999,18.015280000000001,16.042760000000001,44.009799999999998,0.39624689444939398,0.0,0.39624689444939398,317176.72228212864
0.0091406249999999994,0.76784815844620424,559.01742876444825,0.6024055744262015,101325.0,0.7246650024735124,0.19637150450256546,0.013386512852911288,0.04922592280880847,0.016351057362202232,28.013480000000001,31.998799999999999,18.015280000000001,16.042760000000001,44.009799999999998,0.59319645876712479,0.0,0.59319645876712479,474787.48243762529
0.0091458333333333322,0.78722467519070194,573.12421440006244,0.5875780621860729,101325.0,0.72466500247355725,0.19503597692969254,0.01413841302330112,0.048891136061736569,0.017269471511712521,28.013480000000001,31.998799999999999,18.015280000000001,16.042760000000001,44.009799999999998,0.88099068615476517,0.0,0.88099068615476517,705082.03988210997
0.009151041666666665,0.80723433464859928,587.69194432509028,0.5730131551757695,101325.0,0.724665002473599,0.19365117714349453,0.014918053381426936,0.04854399787815622,0.018221769123323382,28.013480000000001,31.998799999999999,18.015280000000001,16.042760000000001,44.009799999999998,1.2972478828316072,0.0,1.2972478828316072,1038153.6806190426
0.0091562499999999995,0.82787074351121792,602.71596335459617,0.558729543871361,101325.0,0.72466500247363752,0.19221691348559825,0.015725541830686862,0.048184460213620731,0.019208081996456499,28.013480000000001,31.998799999999999,18.015280000000001,16.042760000000001,44.009799999999998,1.8929086506331212,0.0,1.8929086506331212,1514752.7657659568
0.009161458333333334,0.84912655724329134,618.19092390479375,0.5447430595745261,101325.0,0.7246650024736736,0.19073304899447108,0.016560955480233577,0.04781248873495212,0.020228504316669584,28.013480000000001,31.998799999999999,18.015280000000001,16.042760000000001,44.009799999999998,2.7359217098636259,0.0,2.7359217098636259,2189236.1491770935
0.0091666666666666667,0.87099356501993452,634.11084783907427,0.5310667944519403,101325.0,0.72466500247370724,0.18919949988636334,0.017424341500201768,0.047428062439447395,0.021283093700280354,28.013480000000001,31.998799999999999,18.015280000000001,16.042760000000001,44.009799999999998,3.9155409401588459,0.0,3.9155409401588459,3133006.6502781729
0.0091718749999999995,0.89346276735137786,650.46918298628543,0.5177112522734202,101325.0,0.72466500247373855,0.18761623468609431,0.01831571761107427,0.047031173436986241,0.022371871792106625,28.013480000000001,31.998799999999999,18.015280000000001,16.042760000000001,44.009799999999998,5.547191703045927,0.0,5.547191703045927,4438409.6763844779
0.0091770833333333322,0.91652444364461727,667.25885232860151,0.5046845225265852,101325.0,0.72466500247376808,0.18598327417068156,0.019235072115418823,0.046621826935900113,0.023494824304231277,28.013480000000001,31.998799999999999,18.015280000000001,16.042760000000001,44.009799999999998,7.7778079239490436,0.0,7.7778079239490436,6223009.0019426616
0.009182291666666665,0.94016820726057249,684.47229408173325,0.4919924709894605,101325.0,0.7246650024737965,0.1843006922801842,0.020182363385084525,0.046200041471300163,0.024651900389634603,28.013480000000001,31.998799999999999,18.015280000000001,16.042760000000001,44.009799999999998,10.791475804251084,0.0,10.791475804251084,8634111.3904271275
0.0091874999999999995,0.96438304603618497,702.10149118947368,0.4796389404024451,101325.0,0.72466500247382382,0.18256861813561395,0.021157518725120766,0.045765849410922176,0.025843011254519391,28.013480000000001,31.998799999999999,18.015280000000001,16.042760000000001,44.009799999999998,14.81514917038082,0.0,14.81514917038082,11853353.168306399
0.009192708333333334,0.98915734675489841,720.13798912885716,0.4676259555428593,101325.0,0.72466500247385024,0.18078723928226897,0.02216043254778462,0.045319297768157518,0.027068027927938557,28.013480000000001,31.998799999999999,18.015280000000001,16.042760000000001,44.009799999999998,20.124130498545938,0.0,20.124130498545938,16101105.11661871
0.0091979166666666667,1.0144789026627443,738.57290136914946,0.45595392772307947,101325.0,0.72466500247387644,0.17895680624751975,0.023190963806514,0.044860449344587564,0.028326778127502152,28.013480000000001,31.998799999999999,18.015280000000001,16.042760000000001,44.009799999999998,27.046946808942639,0.0,27.046946808942639,21640400.085606929
0.0092031249999999995,1.0403349038310692,757.39690234030149,0.44462185447094416,101325.0,0.72466500247390275,0.17707763846448549,0.024248932660905807,0.044389384214916255,0.029619042185789736,28.013480000000001,31.998799999999999,18.015280000000001,16.042760000000001,44.009799999999998,35.969197743605775,0.0,35.969197743605775,28780046.014260225
0.0092083333333333323,1.0667119109441705,776.60020833238639,0.433627510881327,101325.0,0.72466500247392907,0.17515013156724837,0.025334116369520581,0.043906201555716375,0.030944548033585585,28.013480000000001,31.998799999999999,18.015280000000001,16.042760000000001,44.009799999999998,47.33592111481785,0.0,47.33592111481785,37876561.057506375
0.009213541666666665,1.0935958139163289,796.1725473490269,0.42296762983145764,101325.0,0.72466500247395582,0.17317476600996862,0.026446244437332622,0.043411021806047945,0.03230296527269489,28.013480000000001,31.998799999999999,18.015280000000001,16.042760000000001,44.009799999999998,61.652015352271491,0.0,61.652015352271491,49334562.365829438
0.0092187499999999995,1.1209717775853789,816.1031195513084,0.41263806891736693,101325.0,0.72466500247398324,0.17115211690294074,0.027584993078044087,0.042903989133136484,0.033693898411895483,28.013480000000001,31.998799999999999,18.015280000000001,16.042760000000001,44.009799999999998,79.480283717826538,0.0,79.480283717826538,63605259.883179322
0.009223958333333334,1.148824177550978,836.38055052636707,0.4026339625869547,101325.0,0.72466500247401122,0.16908286489536181,0.02874997908710138,0.042385274160438427,0.035116879383087315,28.013480000000001,31.998799999999999,18.015280000000001,16.042760000000001,44.009799999999998,101.43672527413986,0.0,101.43672527413986,81182754.113119081
0.0092291666666666668,1.1771365299818584,856.99284016531101,0.39294985851238845,101325.0,0.72466500247403975,0.16696780787012852,0.029940753257540677,0.041855076899263932,0.036571359499027227,28.013480000000001,31.998799999999999,18.015280000000001,16.042760000000001,44.009799999999998,128.18279352032607,0.0,128.18279352032607,102597913.16039495
0.0092343749999999995,1.205891419861814,877.927310405041,0.3835798377586891,101325.0,0.72466500247406884,0.16480787315363693,0.031156793505887743,0.041313629809499174,0.038056701056907283,28.013480000000001,31.998799999999999,18.015280000000001,16.042760000000001,44.009799999999998,160.41447384405583,0.0,160.41447384405583,128409708.39840794
0.0092395833333333323,1.2350704326346886,899.17055544563175,0.37451761876498485,101325.0,0.7246650024740986,0.16260412988691172,0.032397497907229247,0.04076120090077056,0.0395721688309899,28.013480000000001,31.998799999999999,18.015280000000001,16.042760000000001,44.009799999999998,198.8481910981518,0.0,198.8481910981518,159194016.43573317
0.009244791666666665,1.2646540945035138,920.70839826962526,0.36575664555898657,101325.0,0.72466500247412868,0.16035780115715684,0.033662177865166482,0.040198096773551725,0.041116921729996266,28.013480000000001,31.998799999999999,18.015280000000001,16.042760000000001,44.009799999999998,244.20374133249413,0.0,244.20374133249413,195530041.84010753
0.0092499999999999995,1.294621826704651,942.52585733742524,0.35729016097276745,101325.0,0.72466500247415921,0.15807027545459046,0.034950051661633244,0.039624665491134574,0.042690004918482544,28.013480000000001,31.998799999999999,18.015280000000001,16.042760000000001,44.009799999999998,297.18463680342904,0.0,297.18463680342904,237984672.18319628
0.009255208333333334,1.3249519188922378,964.60712719788046,0.34911126591748765,101325.0,0.72466500247418975,0.15574311700132662,0.036260238641749966,0.039041299168847771,0.04429034271388594,28.013480000000001,31.998799999999999,18.015280000000001,16.042760000000001,44.009799999999998,358.45644821679434,0.0,358.45644821679434,287095234.23027998
0.0092604166666666668,1.355621526322462,986.93557642862174,0.34121296600501766,101325.0,0.72466500247422005,0.15337807449954458,0.037591754288616164,0.038448436167026305,0.045916732570592783,28.013480000000001,31.998799999999999,18.015280000000001,16.042760000000001,44.009799999999998,428.62390839471124,0.0,428.62390839471124,343351265.89223647
0.0092656249999999996,1.3866066948277294,1009.4937658114497,0.333588206974602,101325.0,0.72466500247425036,0.15097708786680902,0.038943506431334846,0.03784656277940468,0.047567840448201171,28.013480000000001,31.998799999999999,18.015280000000001,16.042760000000001,44.009799999999998,508.20769216507989,0.0,508.20769216507989,407175879.226439
0.0092708333333333323,1.4178909144415255,1032.2696756536423,0.32622794530493476,101325.0,0.7246650024742799,0.14854230555205597,0.040314285496136165,0.037236217573845626,0.049242188903682288,28.013480000000001,31.998799999999999,18.015280000000001,16.042760000000001,44.009799999999998,597.6515214768732,0.0,597.6515214768732,478930015.05433393
0.0092760416666666651,1.4494447314359038,1055.2418626665685,0.319126095356098,101325.0,0.72466500247430887,0.14607606683020236,0.041702774474487878,0.036617986953996477,0.050938169267004327,28.013480000000001,31.998799999999999,18.015280000000001,16.042760000000001,44.009799999999998,697.23870491743389,0.0,697.23870491743389,558847045.79548395
0.0092812499999999996,1.4812359873072598,1078.3869143493912,0.3122768004767996,101325.0,0.72466500247433696,0.14358090014562078,0.043107549855716722,0.035992504744035668,0.05265404278028981,28.013480000000001,31.998799999999999,18.015280000000001,16.042760000000001,44.009799999999998,807.09438486045235,0.0,807.09438486045235,647034301.65228796
0.0092864583333333341,1.5132307809871459,1101.6801494748727,0.3056742153787493,101325.0,0.72466500247436416,0.14105951702386912,0.044527085054696054,0.035360450662480045,0.054387944784590726,28.013480000000001,31.998799999999999,18.015280000000001,16.042760000000001,44.009799999999998,927.17069306553014,0.0,927.17069306553014,743460767.83991826
0.0092916666666666668,1.5453935992678041,1125.0957130493823,0.2993125041569622,101325.0,0.72466500247438992,0.13851480231503008,0.045959755904832263,0.034722547876409472,0.05613789142933822,28.013480000000001,31.998799999999999,18.015280000000001,16.042760000000001,44.009799999999998,1057.2342154371668,0.0,1057.2342154371668,847946828.60180044
0.0092968749999999996,1.5776874844617745,1148.6066984301654,0.2931858361520314,101325.0,0.72466500247441457,0.1359498009946932,0.047403848089093592,0.034079559692769636,0.05790178874902898,28.013480000000001,31.998799999999999,18.015280000000001,16.042760000000001,44.009799999999998,1196.8589831575944,0.0,1196.8589831575944,960158409.5283736
0.0093020833333333323,1.6100742367667786,1172.1852947357279,0.28728838077173907,101325.0,0.72466500247443788,0.13336770167425782,0.048857566423686591,0.033432285424775568,0.059677444002842112,28.013480000000001,31.998799999999999,18.015280000000001,16.042760000000001,44.009799999999998,1345.425558225,0.0,1345.425558225,1079605983.4257698
0.0093072916666666651,1.642514647714054,1195.8029567891442,0.28161430223696093,101325.0,0.72466500247445975,0.13077181708733579,0.050319045844184423,0.032781555500291416,0.061462579093728507,28.013480000000001,31.998799999999999,18.015280000000001,16.042760000000001,44.009799999999998,1502.1264801035722,0.0,1502.1264801035722,1205648665.6384678
0.0093124999999999996,1.6749687597389189,1219.4305940512397,0.2761577550472037,101325.0,0.72466500247448029,0.12816556192391712,0.051786363884860916,0.032128225905353844,0.063254845811387919,28.013480000000001,31.998799999999999,18.015280000000001,16.042760000000001,44.009799999999998,1665.9780140362714,0.0,1665.9780140362714,1337503364.6904035
0.0093177083333333341,1.7073961460395528,1243.0387743704491,0.27091288078251674,101325.0,0.72466500247449916,0.1255524284736878,0.05325755439146846,0.03147317207849936,0.065051842581845196,28.013480000000001,31.998799999999999,18.015280000000001,16.042760000000001,44.009799999999998,1835.8378147475428,0.0,1835.8378147475428,1474258692.5781229
0.0093229166666666669,1.7397562044344257,1266.597937924216,0.2658738066800919,101325.0,0.7246650024745166,0.12293596061024188,0.054730622168090985,0.030817282389190844,0.066851132357959558,28.013480000000001,31.998799999999999,18.015280000000001,16.042760000000001,44.009799999999998,2010.4278161870193,0.0,2010.4278161870193,1614893095.5286386
0.0093281249999999996,1.7720084585085132,1290.0786164704957,0.26103464625310024,101325.0,0.7246650024745328,0.12031972669546295,0.056203558231939357,0.030161451345555045,0.068650261252509906,28.013480000000001,31.998799999999999,18.015280000000001,16.042760000000001,44.009799999999998,2188.3614008330705,0.0,2188.3614008330705,1758296458.3488595
0.0093333333333333324,1.8041128592739906,1313.4516529735458,0.2563895020625067,101325.0,0.72466500247454735,0.11770729200656886,0.05767435533688689,0.02950657268246229,0.070446777499534652,28.013480000000001,31.998799999999999,18.015280000000001,16.042760000000001,44.009799999999998,2368.1737086473149,0.0,2368.1737086473149,1903294278.0115917
0.0093411458333333315,1.8519217818026692,1348.2580863540163,0.24977058821113565,101325.0,0.72466500247456067,0.11381939525351197,0.059863235814189487,0.028531964345373209,0.073120402112364757,28.013480000000001,31.998799999999999,18.015280000000001,16.042760000000001,44.009799999999998,2638.7886029176652,0.0,2638.7886029176652,2121672566.046809
0.0093489583333333324,1.8991847798196877,1382.6670691076142,0.243554809985029,101325.0,0.72466500247457177,0.10995950458300484,0.062036348905877503,0.027564376503753707,0.075774767532792137,28.013480000000001,31.998799999999999,18.015280000000001,16.042760000000001,44.009799999999998,2905.2939430014449,0.0,2905.2939430014449,2336937895.6185031
0.0093567708333333333,1.9457809362024232,1416.5905698589859,0.23772233308215754,101325.0,0.72466500247458099,0.1061387066814793,0.064187452822873151,0.026606588340723474,0.078402249680343011,28.013480000000001,31.998799999999999,18.015280000000001,16.042760000000001,44.009799999999998,3162.7441844751575,0.0,3162.7441844751575,2545103987.9545403
0.0093645833333333324,1.991597927588703,1449.946813660069,0.2322534951740724,101325.0,0.72466500247458832,0.10236746415319076,0.066310657133498041,0.025661222596026555,0.080995653642696272,28.013480000000001,31.998799999999999,18.015280000000001,16.042760000000001,44.009799999999998,3406.5707510116372,0.0,3406.5707510116372,2742479716.0478277
0.0093723958333333315,2.0365333942981865,1482.6612793612155,0.22712889314418883,101325.0,0.72466500247459376,0.098655474543856869,0.06840050213296886,0.024730710226425996,0.083548310622154301,28.013480000000001,31.998799999999999,18.015280000000001,16.042760000000001,44.009799999999998,3632.7555082711406,0.0,3632.7555082711406,2925809766.7741041
0.0093802083333333324,2.0804959575150419,1514.6674401769503,0.22232947401953643,101325.0,0.72466500247459786,0.09501155928682975,0.070452021366548601,0.023817262567005035,0.086054154305018726,28.013480000000001,31.998799999999999,18.015280000000001,16.042760000000001,44.009799999999998,3837.9563484716391,0.0,3837.9563484716391,3092377200.7868099
0.0093880208333333333,2.1234058783913858,1545.9072435566461,0.21783662421704605,101325.0,0.72466500247460031,0.091443584062222111,0.072460786467247698,0.022922851366989992,0.088507775628939814,28.013480000000001,31.998799999999999,18.015280000000001,16.042760000000001,44.009799999999998,4019.5819695835739,0.0,4019.5819695835739,3240065383.8629432
0.0093958333333333324,2.1651953736015264,1576.3313409373006,0.2136322526511592,101325.0,0.72466500247460142,0.087958410173845022,0.074422934530540955,0.022049196601041297,0.090904456219971314,28.013480000000001,31.998799999999999,18.015280000000001,16.042760000000001,44.009799999999998,4175.8178957338696,0.0,4175.8178957338696,3367380756.6475492
0.0094036458333333316,2.2058086174154612,1605.8990892685495,0.2096988643554446,101325.0,0.72466500247460131,0.084561875000116249,0.076335179120478741,0.021197761568735599,0.093240181836068151,28.013480000000001,31.998799999999999,18.015280000000001,16.042760000000001,44.009799999999998,4305.6095821379349,0.0,4305.6095821379349,3473440986.8027372
0.0094114583333333324,2.2452014711388597,1634.5783540478317,0.20601962240300348,101325.0,0.72466500247459997,0.081258798427586487,0.078194806647620782,0.020369754507306197,0.095511637942886501,28.013480000000001,31.998799999999999,18.015280000000001,16.042760000000001,44.009799999999998,4408.6108686345779,0.0,4408.6108686345779,3557935031.6140614
0.0094192708333333333,2.2833409869280596,1662.3451480895644,0.2025783969568954,101325.0,0.72466500247459775,0.078053011439034148,0.079999660273978437,0.019566135758035869,0.097716190054353697,28.013480000000001,31.998799999999999,18.015280000000001,16.042760000000001,44.009799999999998,4485.1071280348797,0.0,4485.1071280348797,3621062552.0838428
0.0094270833333333325,2.3202047350805008,1689.1831417754593,0.19935980117295113,101325.0,0.72466500247459475,0.074947402669898106,0.081748113701807776,0.018787629436908267,0.099851851716791076,28.013480000000001,31.998799999999999,18.015280000000001,16.042760000000001,44.009799999999998,4535.922408932458,0.0,4535.922408932458,3663460123.4270601
0.0094348958333333316,2.3557800027083209,1715.0830796648884,0.1963492143802474,101325.0,0.72466500247459109,0.07194397870767312,0.08343903722513335,0.018034738550311107,0.10191724304229147,28.013480000000001,31.998799999999999,18.015280000000001,16.042760000000001,44.009799999999998,4562.3189968812603,0.0,4562.3189968812603,3686121017.7855196
0.0094427083333333325,2.3900629080955902,1740.0421357181106,0.19353279347461197,101325.0,0.72466500247458665,0.069043934116117103,0.085071758306216896,0.017307762548531194,0.10391154255454822,28.013480000000001,31.998799999999999,18.015280000000001,16.042760000000001,44.009799999999998,4565.8964301808473,0.0,4565.8964301808473,3690314245.4802647
0.0094505208333333333,2.4230574698593741,1764.0632356137153,0.19089747379259844,101325.0,0.72466500247458154,0.066247727545248311,0.086646018725734616,0.016606816404820146,0.10583443484961536,28.013480000000001,31.998799999999999,18.015280000000001,16.042760000000001,44.009799999999998,4548.4953910276299,0.0,4548.4953910276299,3677507259.0934463
0.0094583333333333325,2.4547746640186983,1787.1543702616639,0.188430960913438,101325.0,0.72466500247457621,0.063555160770881067,0.088161930083627868,0.015931850428829646,0.10768605624208538,28.013480000000001,31.998799999999999,18.015280000000001,16.042760000000001,44.009799999999998,4512.1102723865997,0.0,4512.1102723865997,3649295430.1362305
0.0094661458333333316,2.4852314958185926,1809.3279200579916,0.18612171489525334,101325.0,0.72466500247457011,0.06096545803650167,0.089619929129737458,0.015282670155836542,0.10946694020335426,28.013480000000001,31.998799999999999,18.015280000000001,16.042760000000001,44.009799999999998,4458.8127485248287,0.0,4458.8127485248287,3607340225.5833855
0.0094739583333333325,2.5144501071008865,1830.600005018543,0.1839589284201078,101325.0,0.72466500247456378,0.058477343601114021,0.091020734104474005,0.01465895578624489,0.11117796403360344,28.013480000000001,31.998799999999999,18.015280000000001,16.042760000000001,44.009799999999998,4390.6874403724369,0.0,4390.6874403724369,3553317013.5315661
0.0094817708333333334,2.5424569344578969,1850.9898718843986,0.18193250022822738,101325.0,0.72466500247455701,0.05608911589758258,0.092365302987773748,0.014060280775415851,0.11282029786467093,28.013480000000001,31.998799999999999,18.015280000000001,16.042760000000001,44.009799999999998,4309.7798003083517,0.0,4309.7798003083517,3488872643.3265519
0.0094895833333333325,2.5692819285250543,1870.5193257387025,0.18003300508860764,101325.0,0.7246650024745499,0.053798717156703903,0.093654794300842989,0.013486129286857662,0.11439535678104575,28.013480000000001,31.998799999999999,18.015280000000001,16.042760000000001,44.009799999999998,4218.055640924119,0.0,4218.055640924119,3415592374.3330359
0.0094973958333333316,2.5949578406420697,1889.2122106703553,0.1782516613999455,101325.0,0.72466500247454235,0.051603797741887489,0.09489053088582193,0.012935912319484228,0.11590475657826421,28.013480000000001,31.998799999999999,18.015280000000001,16.042760000000001,44.009799999999998,4117.3712710256623,0.0,4117.3712710256623,3334975347.9763465
0.0095052083333333325,2.6195195797458974,1907.0939415691498,0.1765802973564971,101325.0,0.72466500247453436,0.049501774764273657,0.096073966905554628,0.012408982401107804,0.11735027345452965,28.013480000000001,31.998799999999999,18.015280000000001,16.042760000000001,44.009799999999998,4009.4529394637684,0.0,4009.4529394637684,3248417578.3440671
0.0095130208333333334,2.643003639710046,1924.1910872085689,0.17501131645796497,101325.0,0.72466500247452603,0.047489884809852986,0.097206658158294046,0.011904646805942854,0.11873380775138417,28.013480000000001,31.998799999999999,18.015280000000001,16.042760000000001,44.009799999999998,3895.8841795273438,0.0,3895.8841795273438,3157201342.7741652
0.0095208333333333325,2.6654475953416426,1940.5310033140593,0.1735376629973654,101325.0,0.72466500247451737,0.045565230813515822,0.098290235687677044,0.011422179304876746,0.12005735171941309,28.013480000000001,31.998799999999999,18.015280000000001,16.042760000000001,44.009799999999998,3778.0996518030943,0.0,3778.0996518030943,3062489852.1145897
0.0095286458333333317,2.686889663803171,1956.1415132629584,0.17215278802980205,101325.0,0.72466500247450827,0.043724823266673526,0.099326382582890962,0.010960830495294307,0.12132296118063299,28.013480000000001,31.998799999999999,18.015280000000001,16.042760000000001,44.009799999999998,3657.3841650851964,0.0,3657.3841650851964,2965326141.4019284
0.0095364583333333326,2.7073683272490618,1971.0506333511407,0.17085061620994985,101325.0,0.72466500247449872,0.041965616052689475,0.10031681380337554,0.010519836784214974,0.12253273088522121,28.013480000000001,31.998799999999999,18.015280000000001,16.042760000000001,44.009799999999998,3534.8756832643435,0.0,3534.8756832643435,2866635221.4971738
0.0095442708333333334,2.7269220118703763,1985.2863391268502,0.1696255137871763,101325.0,0.72466500247448895,0.040284537275437106,0.10126325882238768,0.010098428116319436,0.12368877331136686,28.013480000000001,31.998799999999999,18.015280000000001,16.042760000000001,44.009799999999998,3411.5712781299653,0.0,3411.5712781299653,2767228652.0845532
0.0095520833333333326,2.7455888182430921,1998.8763690754308,0.16847225796401727,101325.0,0.72466500247447874,0.03867851548803123,0.10216744686026184,0.009695834548903097,0.12479320062832518,28.013480000000001,31.998799999999999,18.015280000000001,16.042760000000001,44.009799999999998,3288.3351469331587,0.0,3288.3351469331587,2667810822.7355952
0.0095598958333333317,2.7634062978063505,2011.8480618883439,0.16738600775496532,101325.0,0.72466500247446786,0.037144501747596058,0.10303109446760662,0.0093112917805107508,0.12584810952981856,28.013480000000001,31.998799999999999,18.015280000000001,16.042760000000001,44.009799999999998,3165.9079679422066,0.0,3165.9079679422066,2568986352.0826707
0.0095677083333333326,2.7804112703965305,2024.2282236222738,0.1663622764267383,101325.0,0.72466500247445698,0.035679487923410226,0.1038558952178442,0.0089440457403770716,0.1268555686439117,28.013480000000001,31.998799999999999,18.015280000000001,16.042760000000001,44.009799999999998,3044.9170098866398,0.0,3044.9170098866398,2471268129.5811763
0.0095755208333333335,2.7966396779814411,2036.0430212131832,0.1653969055567389,101325.0,0.7246650024744451,0.034280521674601327,0.10464351127478917,0.0085933563429980049,0.12781760823316624,28.013480000000001,31.998799999999999,18.015280000000001,16.042760000000001,44.009799999999998,2925.8865381683245,0.0,2925.8865381683245,2375085626.5337405
0.0095833333333333326,2.8121264700363446,2047.3178990267161,0.16448604071167727,101325.0,0.72466500247443322,0.032944718493596925,0.10539556661220245,0.0082585005071532745,0.12873621191261411,28.013480000000001,31.998799999999999,18.015280000000001,16.042760000000001,44.009799999999998,2809.2481703886715,0.0,2809.2481703886715,2280793191.570271
0.0095911458333333317,2.8269055163486492,2058.077515377589,0.16362610872179445,101325.0,0.72466500247442067,0.03166927118584368,0.10611364167672242,0.0079387745322589201,0.12961331013075422,28.013480000000001,31.998799999999999,18.015280000000001,16.042760000000001,44.009799999999998,2695.3509260636333,0.0,2695.3509260636333,2188678120.4986343
0.0095989583333333326,2.8410095434068547,2068.345696219093,0.162813796506376,101325.0,0.72466500247440779,0.030451457127270733,0.10679926930192325,0.0076334959176502437,0.13045077517874804,28.013480000000001,31.998799999999999,18.015280000000001,16.042760000000001,44.009799999999998,2584.4707913506868,0.0,2584.4707913506868,2098968352.0759835
0.0096067708333333335,2.8544700909039236,2078.1454034765625,0.16204603139207244,101325.0,0.72466500247439425,0.029288643610415693,0.10745393169845317,0.0073420047027354532,0.13125041751400138,28.013480000000001,31.998799999999999,18.015280000000001,16.042760000000001,44.009799999999998,2476.8196807564927,0.0,2476.8196807564927,2011839691.0030029
0.0096145833333333326,2.8673174852527739,2087.4987157662044,0.1613199628558573,101325.0,0.72466500247438048,0.028178291559402505,0.10807905836250735,0.0070636643982571173,0.13201398320545266,28.013480000000001,31.998799999999999,18.015280000000001,16.042760000000001,44.009799999999998,2372.5537259662633,0.0,2372.5537259662633,1927422498.7526209
0.0096223958333333318,2.8795808273631365,2096.4268194966417,0.1606329456183498,101325.0,0.72466500247436594,0.027117957864015177,0.10867602476174741,0.0067978625713919962,0.13274315232847941,28.013480000000001,31.998799999999999,18.015280000000001,16.042760000000001,44.009799999999998,2271.780859034588,0.0,2271.780859034588,1845807823.2139907
0.0096302083333333326,2.8912879922588703,2104.950008590677,0.15998252400992702,101325.0,0.72466500247435095,0.02610529655460176,0.10924615167383227,0.006544011140273062,0.13343953815694176,28.013480000000001,31.998799999999999,18.015280000000001,16.042760000000001,44.009799999999998,2174.567685029428,0.0,2174.567685029428,1767052961.0169604
0.0096380208333333335,2.9024656384196752,2113.0876912867038,0.15936641753092445,101325.0,0.72466500247433574,0.025138059012883796,0.10979070506773261,0.0063015464268346803,0.13410468701821307,28.013480000000001,31.998799999999999,18.015280000000001,16.042760000000001,44.009799999999998,2080.9456595011984,0.0,2080.9456595011984,1691186463.1421981
0.0096458333333333326,2.913139225009274,2120.8584026817007,0.15878250752772877,101325.0,0.72466500247431997,0.024214093389179858,0.11031089643183334,0.0060699290107236719,0.13474007869394317,28.013480000000001,31.998799999999999,18.015280000000001,16.042760000000001,44.009799999999998,1990.9166003431158,0.0,1990.9166003431158,1618212606.210711
0.0096536458333333318,2.9233330354042222,2128.2798218605767,0.1582288249083042,101325.0,0.72466500247430365,0.023331343374177735,0.11080788346542386,0.005848643421410173,0.13534712726468451,28.013480000000001,31.998799999999999,18.015280000000001,16.042760000000001,44.009799999999998,1904.4575729971148,0.0,1904.4575729971148,1548115359.7146056
0.0096614583333333327,2.9330702056728102,2135.3687926203165,0.15770353882329657,101325.0,0.72466500247428689,0.022487846453208442,0.11128277106153986,0.005637197700573391,0.13592718231039133,28.013480000000001,31.998799999999999,18.015280000000001,16.042760000000001,44.009799999999998,1821.525193622253,0.0,1821.525193622253,1480861884.2713959
0.0096770833333333327,2.9512442073710559,2148.6000465617003,0.1567323875971924,101325.0,0.72466500247426102,0.020915169688194665,0.11216818589808139,0.0052429629808547198,0.13700867895860816,28.013480000000001,31.998799999999999,18.015280000000001,16.042760000000001,44.009799999999998,1666.4277146554289,0.0,1666.4277146554289,1355047178.4203846
0.0096927083333333327,2.9678670442837372,2160.7020038663163,0.15585453925921816,101325.0,0.72466500247423382,0.019475805927382229,0.11297854569823686,0.0048821468351338219,0.1379984990650133,28.013480000000001,31.998799999999999,18.015280000000001,16.042760000000001,44.009799999999998,1524.3076453932329,0.0,1524.3076453932329,1239714762.9051032
0.0097083333333333327,2.9830845692667665,2171.7808501740074,0.1550594827567766,101325.0,0.7246650024742054,0.018157359067916934,0.11372082945071288,0.0045516418390225107,0.1389051671681425,28.013480000000001,31.998799999999999,18.015280000000001,16.042760000000001,44.009799999999998,1394.4284381303255,0.0,1394.4284381303255,1134279000.174032
0.0097239583333333327,2.997028377229038,2181.93239089791,0.1543380613871691,101325.0,0.72466500247417542,0.016948616483461718,0.11440134984857907,0.0042486372390973005,0.13973639395468643,28.013480000000001,31.998799999999999,18.015280000000001,16.042760000000001,44.009799999999998,1275.98136112677,0.0,1275.98136112677,1038093364.6759152
0.0097395833333333327,3.0098170072242354,2191.2429263901222,0.15368228288765248,101325.0,0.72466500247414467,0.015839455758512481,0.11502580579771891,0.0039705955732884744,0.14049914039633563,28.013480000000001,31.998799999999999,18.015280000000001,16.042760000000001,44.009799999999998,1168.1299145247076,0.0,1168.1299145247076,950486842.90131366
0.0097552083333333327,3.0215571063598912,2199.7900993089302,0.15308515816797563,101325.0,0.72466500247411247,0.014820752441213255,0.11559933435186656,0.0037152295465840844,0.14119968118622364,28.013480000000001,31.998799999999999,18.015280000000001,16.042760000000001,44.009799999999998,1070.0410546901289,0.0,1070.0410546901289,870789598.50411928
0.0097708333333333328,3.032344532525816,2207.6436974313851,0.15254056425902077,101325.0,0.7246650024740795,0.013884291285378181,0.11612656068322555,0.0034804797813996454,0.14184366577591714,28.013480000000001,31.998799999999999,18.015280000000001,16.042760000000001,44.009799999999998,980.90641922483098,0.0,980.90641922483098,798350485.10233927
0.0098020833333333328,3.0513268044731165,2221.4634179101349,0.15159160964525845,101325.0,0.72466500247401444,0.012237962760765971,0.11705344135824026,0.0030677822208429574,0.14297581118613617,28.013480000000001,31.998799999999999,18.015280000000001,16.042760000000001,44.009799999999998,827.2892100805434,0.0,827.2892100805434,673468432.29150593
0.0098333333333333328,3.0675114979539746,2233.2464211038637,0.15079178549521702,101325.0,0.7246650024739455,0.010833132877391724,0.11784435863333163,0.0027156229420609644,0.14394188307327024,28.013480000000001,31.998799999999999,18.015280000000001,16.042760000000001,44.009799999999998,700.09964825509019,0.0,700.09964825509019,570032986.78256917
0.0098958333333333329,3.0929106694611286,2251.7379259162799,0.14955346775181336,101325.0,0.72466500247378884,0.0086307069697882273,0.11908432136339128,0.0021635242656509205,0.14545644492738077,28.013480000000001,31.998799999999999,18.015280000000001,16.042760000000001,44.009799999999998,510.26907140527891,0.0,510.26907140527891,415590589.54653943
0.0099583333333333329,3.1120377389307339,2265.6632217291744,0.14863427717736508,101325.0,0.72466500247361276,0.0069703169890446177,0.12001911861873935,0.0017473018140678491,0.14659826010453542,28.013480000000001,31.998799999999999,18.015280000000001,16.042760000000001,44.009799999999998,377.15757472616099,0.0,377.15757472616099,307244951.19306576
0.010020833333333333,3.1266605863369281,2276.3094387660408,0.14793912003088983,101325.0,0.72466500247342625,0.0056998461216930902,0.12073439195428484,0.0014288233209387427,0.14747193612965709,28.013480000000001,31.998799999999999,18.015280000000001,16.042760000000001,44.009799999999998,282.75324886304423,0.0,282.75324886304423,230378898.8667582
0.010083333333333333,3.1380001588349589,2284.5655557932287,0.14740448766510966,101325.0,0.72466500247324939,0.0047139154774591954,0.12128946953902593,0.0011816726668193247,0.1481499398434461,28.013480000000001,31.998799999999999,18.015280000000001,16.042760000000001,44.009799999999998,214.91481719026882,0.0,214.91481719026882,175129099.53580856
0.010208333333333333,3.1534144965614068,2295.7899028083634,0.1466838123458587,101325.0,0.72466500247275545,0.003373938340539469,0.12204387480801193,0.00084577051403523715,0.14907141386465786,28.013480000000001,31.998799999999999,18.015280000000001,16.042760000000001,44.009799999999998,131.99594945550965,0.0,131.99594945550965,107579625.38899632
0.010333333333333333,3.1636192939603034,2303.2246668721332,0.14621031987573618,101325.0,0.72466500247240084,0.0024856799262830882,0.12254396306286906,0.00062310409282754283,0.14968225044561942,28.013480000000001,31.998799999999999,18.015280000000001,16.042760000000001,44.009799999999998,84.248493965539865,0.0,84.248493965539865,68672520.34991549
0.010583333333333333,3.1746429508622716,2311.2750367458862,0.14570105674796344,101325.0,0.72466500247160337,0.001523824490674361,0.12308548633879682,0.00038198855243066652,0.15034369814649465,28.013480000000001,31.998799999999999,18.015280000000001,16.042760000000001,44.009799999999998,40.84451538138962,0.0,40.84451538138962,33297402.615352329
0.010833333333333334,3.1807794316774336,2315.7355256795827,0.14542041245847107,101325.0,0.72466500247282539,0.00099060888133416041,0.12338568598652616,0.00024832338296879958,0.1507103792763454,28.013480000000001,31.998799999999999,18.015280000000001,16.042760000000001,44.009799999999998,21.526393457846734,0.0,21.526393457846734,17550068.938728169
0.011333333333333334,3.1861407796967312,2319.6277029095531,0.14517640691506575,101325.0,0.72466500247356569,0.00052525272245959327,0.12364768085798437,0.00013166905262767094,0.15103039489336262,28.013480000000001,31.998799999999999,18.015280000000001,16.042760000000001,44.009799999999998,8.3510962604675978,0.0,8.3510962604675978,6808917.4334981022
0.012333333333333335,3.1895180371548446,2322.0776810005655,0.14502323416844104,101325.0,0.72466500247386179,0.00023229035933245402,0.12381261826181136,5.8229972401170274e-05,0.15123185893259319,28.013480000000001,31.998799999999999,18.015280000000001,16.042760000000001,44.009799999999998,2.4634186069940385,0.0,2.4634186069940385,2008583.1685558329
0.013333333333333334,3.190809193463513,2323.0142365176011,0.14496476603341013,101325.0,0.72466500247398391,0.00012028956413440081,0.12387567455405427,3.015389021722831e-05,0.15130887951761021,28.013480000000001,31.998799999999999,18.015280000000001,16.042760000000001,44.009799999999998,0.91902973019792611,0.0,0.91902973019792611,749355.10878616374
0.014833333333333334,3.1915076796618558,2323.5209960920142,0.14493314924007636,101325.0,0.72466500247402432,5.9685683459563523e-05,0.12390979445476777,1.4961859379575827e-05,0.15135055552836865,28.013480000000001,31.998799999999999,18.015280000000001,16.042760000000001,44.009799999999998,0.32141131756151686,0.0,0.32141131756151686,262073.31357627251
0.016333333333333335,3.191807463153892,2323.7385578202579,0.14491957976758874,101325.0,0.72466500247403032,3.3666913163839926e-05,0.12392444298634032,8.4395384277034422e-06,0.1513684480880377,28.013480000000001,31.998799999999999,18.015280000000001,16.042760000000001,44.009799999999998,0.13619964807037199,0.0,0.13619964807037199,111055.25988189047
0.018583333333333334,3.1919817834707747,2323.8651122418164,0.1449116876513486,101325.0,0.72466500247389709,1.8531889930300465e-05,0.1239329639834804,4.6455282565388559e-06,0.15137885612443561,28.013480000000001,31.998799999999999,18.015280000000001,16.042760000000001,44.009799999999998,0.055631088947059842,0.0,0.055631088947059842,45360.892231719481
0.02,3.1919817830284729,2323.8651122418164,0.14491168765134374,101325.0,0.7246650024732153,1.8531889930346354e-05,0.12393296398378729,4.6455282565503595e-06,0.15137885612481045,28.013480000000001,31.998799999999999,18.015280000000001,16.042760000000001,44.009799999999998,0.055631088947263686,0.0,0.055631088947263686,45360.892231885678
